date,año,mes,#_turistic_apartments,ta_capacity,ta_occupancy_per_capacity,ta_occupancy_per_apartment,ta_occupancy_per_capacity_during_weekends,ta_staff,ta_nights_stays_alemania,ta_nights_stays_austria,ta_nights_stays_bélgica,ta_nights_stays_dinamarca,ta_nights_stays_finlandia,ta_nights_stays_francia,ta_nights_stays_grecia,ta_nights_stays_irlanda,ta_nights_stays_italia,ta_nights_stays_luxemburgo,ta_nights_stays_países_bajos,ta_nights_stays_polonia,ta_nights_stays_portugal,ta_nights_stays_república_checa,ta_nights_stays_suecia,ta_nights_stays_resto_de_unión_europea,ta_nights_stays_noruega,ta_nights_stays_reino_unido,ta_nights_stays_rusia,ta_nights_stays_suiza,ta_nights_stays_resto_de_europa,ta_nights_stays_estados_unidos,total_ta_nights_stays_central_and_south_america,ta_nights_stays_africa,ta_nights_stays_resto_del_mundo,ta_travelers_alemania,ta_travelers_austria,ta_travelers_bélgica,ta_travelers_dinamarca,ta_travelers_finlandia,ta_travelers_francia,ta_travelers_grecia,ta_travelers_irlanda,ta_travelers_italia,ta_travelers_luxemburgo,ta_travelers_países_bajos,ta_travelers_polonia,ta_travelers_portugal,ta_travelers_república_checa,ta_travelers_suecia,ta_travelers_resto_de_unión_europea,ta_travelers_noruega,ta_travelers_reino_unido,ta_travelers_rusia,ta_travelers_suiza,ta_travelers_resto_de_europa,ta_travelers_estados_unidos,ta_travelers_resto_de_américa,ta_travelers_africa,ta_travelers_resto_del_mundo,ta_total_travelers,ta_total_spanish_travelers,ta_total_foreign_travelers,ta_total_nigts_stays,ta_total_nights_stays_spanishs,ta_total_nights_stays_foreigns,ta_average_stay_(days)
2010-01-01,,,6060,2713,34.05,47.37,49.74,584,,,,,,,,,,,,,,,,,,,,,,,,,,,,,,,,,,,,,,,,,,,,,,,,,,,,,,,,,
2010-02-01,,,7415,3302,42.79,55.86,61.94,619,,,,,,,,,,,,,,,,,,,,,,,,,,,,,,,,,,,,,,,,,,,,,,,,,,,,,,,,,
2010-03-01,,,7497,3338,43.83,55.96,63.34,623,,,,,,,,,,,,,,,,,,,,,,,,,,,,,,,,,,,,,,,,,,,,,,,,,,,,,,,,,
2010-04-01,,,7602,3375,49.75,60.19,66.08,632,,,,,,,,,,,,,,,,,,,,,,,,,,,,,,,,,,,,,,,,,,,,,,,,,,,,,,,,,
2010-05-01,,,7598,3411,52.44,66.75,71.55,595,,,,,,,,,,,,,,,,,,,,,,,,,,,,,,,,,,,,,,,,,,,,,,,,,,,,,,,,,
2010-06-01,,,7686,3454,50.19,62.79,66.59,616,,,,,,,,,,,,,,,,,,,,,,,,,,,,,,,,,,,,,,,,,,,,,,,,,,,,,,,,,
2010-07-01,,,7895,3483,46.42,55.71,57.67,592,,,,,,,,,,,,,,,,,,,,,,,,,,,,,,,,,,,,,,,,,,,,,,,,,,,,,,,,,
2010-08-01,,,7859,3491,45.19,48.22,50.14,580,,,,,,,,,,,,,,,,,,,,,,,,,,,,,,,,,,,,,,,,,,,,,,,,,,,,,,,,,
2010-09-01,,,7840,3488,49.52,63.99,68.05,587,,,,,,,,,,,,,,,,,,,,,,,,,,,,,,,,,,,,,,,,,,,,,,,,,,,,,,,,,
2010-10-01,,,7893,3491,55.53,71.22,75.27,582,,,,,,,,,,,,,,,,,,,,,,,,,,,,,,,,,,,,,,,,,,,,,,,,,,,,,,,,,
2010-11-01,,,7897,3494,46.55,62.21,66.7,577,,,,,,,,,,,,,,,,,,,,,,,,,,,,,,,,,,,,,,,,,,,,,,,,,,,,,,,,,
2010-12-01,,,7891,3490,45.01,55.24,60.19,574,,,,,,,,,,,,,,,,,,,,,,,,,,,,,,,,,,,,,,,,,,,,,,,,,,,,,,,,,
2011-01-01,,,7923,3500,43.95,54.92,59.8,575,,,,,,,,,,,,,,,,,,,,,,,,,,,,,,,,,,,,,,,,,,,,,,,,,,,,,,,,,
2011-02-01,,,7880,3496,48.74,60.35,63.92,570,,,,,,,,,,,,,,,,,,,,,,,,,,,,,,,,,,,,,,,,,,,,,,,,,,,,,,,,,
2011-03-01,,,7907,3495,47.2,60.35,66.24,563,,,,,,,,,,,,,,,,,,,,,,,,,,,,,,,,,,,,,,,,,,,,,,,,,,,,,,,,,
2011-04-01,,,7913,3479,52.86,62.67,65.07,564,,,,,,,,,,,,,,,,,,,,,,,,,,,,,,,,,,,,,,,,,,,,,,,,,,,,,,,,,
2011-05-01,,,7228,3179,50.64,66.17,72.0,504,,,,,,,,,,,,,,,,,,,,,,,,,,,,,,,,,,,,,,,,,,,,,,,,,,,,,,,,,
2011-06-01,,,7227,3178,52.14,68.95,72.31,508,,,,,,,,,,,,,,,,,,,,,,,,,,,,,,,,,,,,,,,,,,,,,,,,,,,,,,,,,
2011-07-01,,,7040,3086,49.15,62.05,63.35,479,,,,,,,,,,,,,,,,,,,,,,,,,,,,,,,,,,,,,,,,,,,,,,,,,,,,,,,,,
2011-08-01,,,7092,3110,49.82,58.71,60.82,472,,,,,,,,,,,,,,,,,,,,,,,,,,,,,,,,,,,,,,,,,,,,,,,,,,,,,,,,,
2011-09-01,,,7231,3178,56.75,72.31,74.91,504,,,,,,,,,,,,,,,,,,,,,,,,,,,,,,,,,,,,,,,,,,,,,,,,,,,,,,,,,
2011-10-01,,,7197,3176,56.92,73.93,78.45,495,,,,,,,,,,,,,,,,,,,,,,,,,,,,,,,,,,,,,,,,,,,,,,,,,,,,,,,,,
2011-11-01,,,7253,3187,48.97,65.19,72.33,496,,,,,,,,,,,,,,,,,,,,,,,,,,,,,,,,,,,,,,,,,,,,,,,,,,,,,,,,,
2011-12-01,,,7304,3202,50.65,60.73,66.59,509,,,,,,,,,,,,,,,,,,,,,,,,,,,,,,,,,,,,,,,,,,,,,,,,,,,,,,,,,
2012-01-01,,,7279,3199,43.84,57.28,62.01,509,,,,,,,,,,,,,,,,,,,,,,,,,,,,,,,,,,,,,,,,,,,,,,,,,,,,,,,,,
2012-02-01,,,7306,3199,46.62,60.37,64.29,504,,,,,,,,,,,,,,,,,,,,,,,,,,,,,,,,,,,,,,,,,,,,,,,,,,,,,,,,,
2012-03-01,,,7300,3198,48.86,63.04,63.82,504,,,,,,,,,,,,,,,,,,,,,,,,,,,,,,,,,,,,,,,,,,,,,,,,,,,,,,,,,
2012-04-01,,,7306,3200,52.85,66.76,72.99,500,,,,,,,,,,,,,,,,,,,,,,,,,,,,,,,,,,,,,,,,,,,,,,,,,,,,,,,,,
2012-05-01,,,6591,2833,50.5,67.6,74.32,485,,,,,,,,,,,,,,,,,,,,,,,,,,,,,,,,,,,,,,,,,,,,,,,,,,,,,,,,,
2012-06-01,,,6660,2844,54.14,70.36,72.51,494,,,,,,,,,,,,,,,,,,,,,,,,,,,,,,,,,,,,,,,,,,,,,,,,,,,,,,,,,
2012-07-01,,,6702,2867,50.82,63.08,64.08,493,,,,,,,,,,,,,,,,,,,,,,,,,,,,,,,,,,,,,,,,,,,,,,,,,,,,,,,,,
2012-08-01,,,7003,2942,45.65,54.73,56.11,518,,,,,,,,,,,,,,,,,,,,,,,,,,,,,,,,,,,,,,,,,,,,,,,,,,,,,,,,,
2012-09-01,,,7090,2955,53.72,70.03,73.45,529,,,,,,,,,,,,,,,,,,,,,,,,,,,,,,,,,,,,,,,,,,,,,,,,,,,,,,,,,
2012-10-01,,,6901,2905,56.88,76.55,82.23,505,,,,,,,,,,,,,,,,,,,,,,,,,,,,,,,,,,,,,,,,,,,,,,,,,,,,,,,,,
2012-11-01,,,6909,2909,47.22,63.49,65.82,515,,,,,,,,,,,,,,,,,,,,,,,,,,,,,,,,,,,,,,,,,,,,,,,,,,,,,,,,,
2012-12-01,,,6985,2925,42.89,55.77,61.92,523,,,,,,,,,,,,,,,,,,,,,,,,,,,,,,,,,,,,,,,,,,,,,,,,,,,,,,,,,
2013-01-01,,,6902,2890,40.48,54.7,55.89,497,,,,,,,,,,,,,,,,,,,,,,,,,,,,,,,,,,,,,,,,,,,,,,,,,,,,,,,,,
2013-02-01,,,6910,2892,44.6,60.12,62.64,497,,,,,,,,,,,,,,,,,,,,,,,,,,,,,,,,,,,,,,,,,,,,,,,,,,,,,,,,,
2013-03-01,,,6889,2871,45.64,59.39,65.74,508,,,,,,,,,,,,,,,,,,,,,,,,,,,,,,,,,,,,,,,,,,,,,,,,,,,,,,,,,
2013-04-01,,,6806,2867,46.34,62.29,65.49,512,,,,,,,,,,,,,,,,,,,,,,,,,,,,,,,,,,,,,,,,,,,,,,,,,,,,,,,,,
2013-05-01,,,6995,2912,47.43,65.29,70.09,503,,,,,,,,,,,,,,,,,,,,,,,,,,,,,,,,,,,,,,,,,,,,,,,,,,,,,,,,,
2013-06-01,,,7040,2929,52.7,70.43,71.95,507,,,,,,,,,,,,,,,,,,,,,,,,,,,,,,,,,,,,,,,,,,,,,,,,,,,,,,,,,
2013-07-01,,,6305,2566,49.63,63.0,63.18,433,,,,,,,,,,,,,,,,,,,,,,,,,,,,,,,,,,,,,,,,,,,,,,,,,,,,,,,,,
2013-08-01,,,6065,2479,45.32,52.57,53.31,404,,,,,,,,,,,,,,,,,,,,,,,,,,,,,,,,,,,,,,,,,,,,,,,,,,,,,,,,,
2013-09-01,,,7630,3139,43.7,57.95,61.43,462,,,,,,,,,,,,,,,,,,,,,,,,,,,,,,,,,,,,,,,,,,,,,,,,,,,,,,,,,
2013-10-01,,,7627,3133,44.64,59.71,64.86,447,,,,,,,,,,,,,,,,,,,,,,,,,,,,,,,,,,,,,,,,,,,,,,,,,,,,,,,,,
2013-11-01,,,7297,3008,38.95,54.04,57.08,430,,,,,,,,,,,,,,,,,,,,,,,,,,,,,,,,,,,,,,,,,,,,,,,,,,,,,,,,,
2013-12-01,,,7744,3134,40.01,51.24,59.98,442,,,,,,,,,,,,,,,,,,,,,,,,,,,,,,,,,,,,,,,,,,,,,,,,,,,,,,,,,
2014-01-01,,,7552,3101,35.2,47.42,51.46,457,,,,,,,,,,,,,,,,,,,,,,,,,,,,,,,,,,,,,,,,,,,,,,,,,,,,,,,,,
2014-02-01,,,7583,3114,39.11,54.92,59.38,457,,,,,,,,,,,,,,,,,,,,,,,,,,,,,,,,,,,,,,,,,,,,,,,,,,,,,,,,,
2014-03-01,,,7487,3073,41.76,57.81,61.94,451,,,,,,,,,,,,,,,,,,,,,,,,,,,,,,,,,,,,,,,,,,,,,,,,,,,,,,,,,
2014-04-01,,,7495,3073,43.78,59.03,64.26,413,,,,,,,,,,,,,,,,,,,,,,,,,,,,,,,,,,,,,,,,,,,,,,,,,,,,,,,,,
2014-05-01,,,7579,3125,43.92,62.52,67.67,418,,,,,,,,,,,,,,,,,,,,,,,,,,,,,,,,,,,,,,,,,,,,,,,,,,,,,,,,,
2014-06-01,,,7570,3126,45.21,64.22,67.61,423,,,,,,,,,,,,,,,,,,,,,,,,,,,,,,,,,,,,,,,,,,,,,,,,,,,,,,,,,
2014-07-01,,,7277,3043,44.93,58.45,62.46,416,,,,,,,,,,,,,,,,,,,,,,,,,,,,,,,,,,,,,,,,,,,,,,,,,,,,,,,,,
2014-08-01,,,7399,2905,43.14,56.36,57.1,407,,,,,,,,,,,,,,,,,,,,,,,,,,,,,,,,,,,,,,,,,,,,,,,,,,,,,,,,,
2014-09-01,,,7396,2889,49.83,74.15,79.62,423,,,,,,,,,,,,,,,,,,,,,,,,,,,,,,,,,,,,,,,,,,,,,,,,,,,,,,,,,
2014-10-01,,,7375,2880,51.25,75.51,82.73,428,,,,,,,,,,,,,,,,,,,,,,,,,,,,,,,,,,,,,,,,,,,,,,,,,,,,,,,,,
2014-11-01,,,7258,2829,42.89,63.9,72.06,415,,,,,,,,,,,,,,,,,,,,,,,,,,,,,,,,,,,,,,,,,,,,,,,,,,,,,,,,,
2014-12-01,,,7326,2889,42.79,58.77,68.94,398,,,,,,,,,,,,,,,,,,,,,,,,,,,,,,,,,,,,,,,,,,,,,,,,,,,,,,,,,
2015-01-01,,,7155,2759,38.55,57.53,61.72,376,,,,,,,,,,,,,,,,,,,,,,,,,,,,,,,,,,,,,,,,,,,,,,,,,,,,,,,,,
2015-02-01,,,6946,2817,48.12,65.12,69.89,382,,,,,,,,,,,,,,,,,,,,,,,,,,,,,,,,,,,,,,,,,,,,,,,,,,,,,,,,,
2015-03-01,,,6954,2833,50.81,69.17,74.4,389,,,,,,,,,,,,,,,,,,,,,,,,,,,,,,,,,,,,,,,,,,,,,,,,,,,,,,,,,
2015-04-01,,,7792,3060,48.96,69.93,74.83,404,,,,,,,,,,,,,,,,,,,,,,,,,,,,,,,,,,,,,,,,,,,,,,,,,,,,,,,,,
2015-05-01,,,7798,3060,49.52,73.7,79.94,404,,,,,,,,,,,,,,,,,,,,,,,,,,,,,,,,,,,,,,,,,,,,,,,,,,,,,,,,,
2015-06-01,,,8367,3235,53.32,76.19,77.83,493,,,,,,,,,,,,,,,,,,,,,,,,,,,,,,,,,,,,,,,,,,,,,,,,,,,,,,,,,
2015-07-01,,,8250,3205,50.77,67.3,70.71,490,,,,,,,,,,,,,,,,,,,,,,,,,,,,,,,,,,,,,,,,,,,,,,,,,,,,,,,,,
2015-08-01,,,8307,3230,49.51,62.41,63.8,490,,,,,,,,,,,,,,,,,,,,,,,,,,,,,,,,,,,,,,,,,,,,,,,,,,,,,,,,,
2015-09-01,,,8337,3237,53.98,74.98,78.22,497,,,,,,,,,,,,,,,,,,,,,,,,,,,,,,,,,,,,,,,,,,,,,,,,,,,,,,,,,
2015-10-01,,,8209,3212,56.4,79.74,82.79,497,,,,,,,,,,,,,,,,,,,,,,,,,,,,,,,,,,,,,,,,,,,,,,,,,,,,,,,,,
2015-11-01,,,8224,3206,48.76,70.01,72.72,480,,,,,,,,,,,,,,,,,,,,,,,,,,,,,,,,,,,,,,,,,,,,,,,,,,,,,,,,,
2015-12-01,,,8175,3198,47.66,64.3,68.3,471,,,,,,,,,,,,,,,,,,,,,,,,,,,,,,,,,,,,,,,,,,,,,,,,,,,,,,,,,
2016-01-01,,,8472,3303,42.97,58.57,62.93,547,,,,,,,,,,,,,,,,,,,,,,,,,,,,,,,,,,,,,,,,,,,,,,,,,,,,,,,,,
2016-02-01,,,8484,3283,48.83,69.26,76.87,534,,,,,,,,,,,,,,,,,,,,,,,,,,,,,,,,,,,,,,,,,,,,,,,,,,,,,,,,,
2016-03-01,,,8599,3287,53.95,73.16,78.6,557,,,,,,,,,,,,,,,,,,,,,,,,,,,,,,,,,,,,,,,,,,,,,,,,,,,,,,,,,
2016-04-01,,,8992,3489,52.73,72.01,74.98,567,,,,,,,,,,,,,,,,,,,,,,,,,,,,,,,,,,,,,,,,,,,,,,,,,,,,,,,,,
2016-05-01,,,8972,3485,55.53,75.95,82.85,560,,,,,,,,,,,,,,,,,,,,,,,,,,,,,,,,,,,,,,,,,,,,,,,,,,,,,,,,,
2016-06-01,,,8626,3428,54.29,76.99,80.22,538,,,,,,,,,,,,,,,,,,,,,,,,,,,,,,,,,,,,,,,,,,,,,,,,,,,,,,,,,
2016-07-01,,,8637,3431,54.2,70.41,74.8,537,,,,,,,,,,,,,,,,,,,,,,,,,,,,,,,,,,,,,,,,,,,,,,,,,,,,,,,,,
2016-08-01,,,8625,3430,49.92,62.18,64.96,541,,,,,,,,,,,,,,,,,,,,,,,,,,,,,,,,,,,,,,,,,,,,,,,,,,,,,,,,,
2016-09-01,,,8618,3429,55.42,75.34,76.63,541,,,,,,,,,,,,,,,,,,,,,,,,,,,,,,,,,,,,,,,,,,,,,,,,,,,,,,,,,
2016-10-01,,,8874,3500,56.79,78.27,81.19,585,,,,,,,,,,,,,,,,,,,,,,,,,,,,,,,,,,,,,,,,,,,,,,,,,,,,,,,,,
2016-11-01,,,9020,3556,49.54,67.88,74.55,585,,,,,,,,,,,,,,,,,,,,,,,,,,,,,,,,,,,,,,,,,,,,,,,,,,,,,,,,,
2016-12-01,,,9052,3565,49.93,63.02,67.77,644,,,,,,,,,,,,,,,,,,,,,,,,,,,,,,,,,,,,,,,,,,,,,,,,,,,,,,,,,
2017-01-01,2017.0,January,9109,3479,45.63,60.94,64.99,594,1559.0,142.0,502.0,278.0,191.0,2559.0,288.0,556.0,4982.0,44.0,635.0,682.0,2423.0,54.0,255.0,2108.0,431.0,1675.0,3016.0,856.0,1936.0,3856.0,18759.0,3205.0,14257.0,696.0,58.0,124.0,84.0,66.0,814.0,28.0,112.0,1432.0,2.0,239.0,221.0,689.0,22.0,61.0,343.0,96.0,615.0,717.0,192.0,277.0,1111.0,3907.0,380.0,3324.0,34024.0,18412.0,15612.0,122712.0,57462.0,65250.0,3.61
2017-02-01,2017.0,February,9822,3654,47.92,65.97,73.08,616,2883.0,362.0,878.0,474.0,171.0,4111.0,477.0,1280.0,6367.0,49.0,1015.0,1063.0,3382.0,93.0,660.0,2561.0,373.0,3663.0,1121.0,1450.0,1234.0,3976.0,17672.0,3146.0,11504.0,1008.0,225.0,292.0,208.0,58.0,1412.0,68.0,327.0,2019.0,5.0,312.0,190.0,931.0,65.0,176.0,512.0,97.0,1096.0,264.0,366.0,334.0,1072.0,3912.0,420.0,3040.0,37965.0,19556.0,18409.0,126547.0,56580.0,69967.0,3.33
2017-03-01,2017.0,March,9976,3668,48.55,68.02,76.88,648,4363.0,273.0,1204.0,485.0,935.0,4288.0,572.0,1210.0,6230.0,2.0,1906.0,1181.0,4420.0,94.0,694.0,3728.0,630.0,4261.0,2537.0,1137.0,1674.0,8682.0,17991.0,2582.0,11864.0,1667.0,153.0,360.0,157.0,252.0,1884.0,98.0,337.0,1767.0,2.0,586.0,272.0,1126.0,40.0,193.0,784.0,206.0,1380.0,638.0,257.0,327.0,2885.0,4225.0,340.0,2618.0,46080.0,23528.0,22552.0,150883.0,67942.0,82941.0,3.27
2017-04-01,2017.0,April,9594,3519,56.78,75.43,78.81,608,5266.0,495.0,1102.0,895.0,743.0,9318.0,601.0,1499.0,6738.0,161.0,1883.0,1252.0,5322.0,181.0,898.0,3171.0,455.0,6392.0,2572.0,1497.0,1580.0,11066.0,22625.0,2553.0,12266.0,1835.0,222.0,394.0,265.0,259.0,2661.0,132.0,355.0,1883.0,49.0,600.0,297.0,1624.0,53.0,355.0,552.0,172.0,2086.0,768.0,449.0,530.0,3927.0,5454.0,478.0,3343.0,52582.0,23839.0,28743.0,172363.0,71832.0,100531.0,3.28
2017-05-01,2017.0,May,9715,3543,53.8,76.24,85.65,585,5029.0,666.0,569.0,681.0,685.0,5781.0,389.0,1051.0,6051.0,394.0,2266.0,1282.0,3280.0,234.0,666.0,3862.0,363.0,4996.0,1943.0,1660.0,1530.0,10298.0,23862.0,2716.0,11997.0,1225.0,281.0,181.0,188.0,187.0,1977.0,82.0,328.0,1974.0,132.0,693.0,314.0,934.0,61.0,205.0,654.0,129.0,1743.0,750.0,488.0,421.0,3892.0,6864.0,364.0,3567.0,50174.0,22541.0,27633.0,157919.0,65667.0,92252.0,3.15
2017-06-01,2017.0,June,9714,3543,53.15,75.72,79.77,627,4719.0,533.0,997.0,606.0,513.0,5197.0,698.0,1770.0,5600.0,45.0,1290.0,1548.0,2894.0,248.0,599.0,3087.0,434.0,5924.0,2491.0,1387.0,1507.0,13209.0,22841.0,2519.0,12188.0,1448.0,229.0,314.0,177.0,281.0,1696.0,175.0,568.0,1696.0,10.0,508.0,391.0,874.0,67.0,181.0,633.0,140.0,1851.0,663.0,475.0,451.0,5159.0,6284.0,355.0,3547.0,51843.0,23670.0,28173.0,155673.0,62830.0,92843.0,3.0
2017-07-01,2017.0,July,9400,3408,51.16,68.26,72.56,595,2729.0,539.0,817.0,1151.0,197.0,4372.0,522.0,1447.0,5125.0,35.0,1395.0,855.0,3153.0,157.0,702.0,2965.0,254.0,5784.0,2155.0,433.0,816.0,12629.0,24874.0,4296.0,13008.0,768.0,217.0,265.0,290.0,99.0,1355.0,118.0,375.0,1271.0,14.0,362.0,290.0,804.0,39.0,220.0,592.0,110.0,1735.0,665.0,104.0,234.0,3998.0,6503.0,483.0,3400.0,42638.0,18329.0,24309.0,151119.0,60708.0,90411.0,3.54
2017-08-01,2017.0,August,9388,3399,50.42,63.59,64.34,591,3026.0,410.0,1275.0,532.0,416.0,6999.0,442.0,1440.0,7768.0,140.0,1684.0,797.0,4414.0,281.0,339.0,2695.0,221.0,5095.0,2233.0,541.0,1339.0,7268.0,20061.0,5320.0,15069.0,1013.0,235.0,358.0,135.0,158.0,2380.0,59.0,389.0,2460.0,26.0,508.0,194.0,1217.0,49.0,104.0,443.0,51.0,1492.0,569.0,170.0,322.0,2618.0,5528.0,877.0,3751.0,44621.0,19518.0,25103.0,150793.0,60988.0,89805.0,3.38
2017-09-01,2017.0,September,9457,3426,58.59,80.49,81.96,603,5677.0,762.0,1370.0,564.0,761.0,5201.0,338.0,1304.0,6231.0,134.0,1850.0,1472.0,3319.0,89.0,856.0,2999.0,539.0,7858.0,2065.0,998.0,1563.0,9368.0,24986.0,3227.0,15507.0,2080.0,444.0,542.0,124.0,193.0,1503.0,101.0,429.0,1792.0,53.0,674.0,450.0,946.0,34.0,216.0,546.0,207.0,2518.0,563.0,366.0,444.0,3172.0,7593.0,429.0,3731.0,50893.0,21744.0,29149.0,169272.0,70233.0,99039.0,3.33
2017-10-01,2017.0,October,8883,3314,54.89,70.16,75.08,573,6062.0,940.0,693.0,966.0,787.0,4866.0,429.0,1290.0,5545.0,145.0,1619.0,1386.0,3083.0,176.0,955.0,3080.0,840.0,7027.0,1789.0,1088.0,1487.0,7053.0,23434.0,3341.0,14370.0,2130.0,533.0,191.0,278.0,284.0,1613.0,121.0,451.0,1463.0,34.0,514.0,347.0,694.0,106.0,320.0,612.0,274.0,2048.0,495.0,363.0,438.0,2358.0,6173.0,495.0,3986.0,44359.0,18037.0,26322.0,153464.0,61013.0,92451.0,3.46
2017-11-01,2017.0,November,8865,3307,51.1,73.73,78.68,566,4065.0,575.0,603.0,273.0,490.0,4580.0,247.0,826.0,6970.0,23.0,1205.0,1349.0,3074.0,150.0,620.0,2429.0,431.0,2497.0,2296.0,530.0,1129.0,5782.0,18025.0,3083.0,11781.0,1868.0,365.0,206.0,74.0,176.0,1334.0,96.0,202.0,2204.0,17.0,475.0,347.0,554.0,56.0,164.0,487.0,193.0,826.0,606.0,182.0,313.0,1999.0,3957.0,397.0,2367.0,40471.0,21007.0,19464.0,136432.0,63397.0,73035.0,3.37
2017-12-01,2017.0,December,8880,3281,49.21,65.74,71.96,563,1596.0,398.0,466.0,305.0,320.0,3699.0,262.0,701.0,5980.0,120.0,813.0,753.0,3517.0,78.0,481.0,2970.0,407.0,2420.0,1621.0,578.0,1290.0,4650.0,16374.0,3167.0,10197.0,460.0,119.0,131.0,116.0,168.0,1172.0,109.0,138.0,1689.0,36.0,263.0,261.0,831.0,49.0,99.0,903.0,158.0,688.0,452.0,200.0,269.0,1493.0,3162.0,323.0,2398.0,41110.0,25422.0,15688.0,137088.0,73925.0,63163.0,3.33
2018-01-01,2018.0,January,8829,3323,45.89,61.09,65.9,534,1778.0,150.0,526.0,97.0,225.0,3716.0,177.0,675.0,5331.0,8.0,728.0,364.0,3290.0,126.0,567.0,2674.0,168.0,1807.0,2464.0,561.0,931.0,2989.0,19627.0,3990.0,8284.0,498.0,49.0,121.0,32.0,124.0,1014.0,21.0,118.0,1182.0,4.0,203.0,65.0,562.0,19.0,174.0,371.0,19.0,593.0,531.0,213.0,229.0,944.0,3679.0,436.0,2006.0,29500.0,16293.0,13207.0,117366.0,56112.0,61254.0,3.98
2018-02-01,2018.0,February,8830,3318,50.67,70.92,75.4,539,2644.0,544.0,1040.0,308.0,414.0,4293.0,221.0,1045.0,4791.0,58.0,1129.0,762.0,3715.0,176.0,724.0,2744.0,225.0,3518.0,1435.0,658.0,1225.0,3673.0,18620.0,3650.0,11131.0,890.0,185.0,324.0,89.0,126.0,1412.0,81.0,286.0,1395.0,25.0,377.0,301.0,770.0,91.0,182.0,571.0,76.0,1331.0,477.0,206.0,289.0,1190.0,4243.0,535.0,3040.0,38896.0,20406.0,18490.0,126294.0,57549.0,68745.0,3.25
2018-03-01,2018.0,March,8667,3276,51.57,69.94,74.51,547,3213.0,614.0,817.0,472.0,239.0,4672.0,376.0,703.0,6284.0,32.0,1195.0,532.0,3372.0,448.0,711.0,2771.0,507.0,3856.0,1818.0,575.0,1233.0,7021.0,20821.0,3512.0,11943.0,983.0,232.0,268.0,146.0,92.0,1523.0,98.0,178.0,1619.0,32.0,390.0,109.0,765.0,128.0,224.0,570.0,116.0,1196.0,572.0,208.0,446.0,2639.0,5091.0,489.0,3635.0,41111.0,19360.0,21751.0,138732.0,60997.0,77735.0,3.37
2018-04-01,2018.0,April,8933,3365,55.0,74.38,76.86,610,3564.0,783.0,1194.0,617.0,436.0,5836.0,327.0,1015.0,7850.0,32.0,1549.0,1065.0,4738.0,355.0,771.0,2084.0,356.0,5378.0,2269.0,853.0,1313.0,6216.0,24522.0,2588.0,13463.0,1423.0,395.0,419.0,208.0,153.0,1670.0,103.0,242.0,2379.0,15.0,529.0,251.0,1345.0,92.0,252.0,551.0,110.0,1705.0,631.0,282.0,415.0,2226.0,5842.0,589.0,4011.0,44057.0,18217.0,25840.0,148422.0,59246.0,89176.0,3.37
2018-05-01,2018.0,May,8930,3366,52.26,74.52,80.97,604,3818.0,403.0,583.0,525.0,478.0,5788.0,333.0,986.0,6215.0,72.0,1490.0,1444.0,3106.0,154.0,957.0,3661.0,518.0,4372.0,1956.0,1159.0,1539.0,7832.0,27897.0,2882.0,13288.0,1082.0,148.0,201.0,193.0,113.0,1594.0,102.0,307.0,1547.0,33.0,496.0,254.0,751.0,61.0,291.0,741.0,130.0,1307.0,608.0,423.0,433.0,2855.0,7570.0,432.0,3445.0,44272.0,19157.0,25115.0,154298.0,62840.0,91458.0,3.49
2018-06-01,2018.0,June,9922,3764,52.02,75.87,77.74,646,2903.0,317.0,481.0,409.0,427.0,4501.0,690.0,952.0,6810.0,8.0,1129.0,1462.0,3999.0,314.0,690.0,2687.0,188.0,3403.0,2135.0,528.0,1629.0,12888.0,21585.0,3145.0,15461.0,952.0,154.0,223.0,173.0,121.0,1324.0,221.0,252.0,1644.0,2.0,423.0,352.0,867.0,134.0,222.0,637.0,65.0,1115.0,561.0,200.0,668.0,4850.0,6500.0,384.0,4555.0,47199.0,20598.0,26601.0,153601.0,64859.0,88742.0,3.25
2018-07-01,2018.0,July,10023,3792,49.68,66.86,71.52,642,3353.0,328.0,782.0,488.0,437.0,4999.0,439.0,1607.0,5610.0,22.0,1178.0,1086.0,4254.0,218.0,545.0,2681.0,675.0,5087.0,1791.0,606.0,1459.0,9993.0,25708.0,3990.0,16679.0,1011.0,151.0,284.0,222.0,124.0,1370.0,85.0,411.0,1384.0,10.0,435.0,307.0,998.0,96.0,154.0,619.0,224.0,1348.0,646.0,223.0,533.0,3457.0,6848.0,609.0,4309.0,45259.0,19400.0,25859.0,156839.0,62826.0,94013.0,3.47
2018-08-01,2018.0,August,9625,3703,45.28,60.7,63.53,625,2051.0,473.0,973.0,376.0,130.0,5565.0,179.0,944.0,6864.0,131.0,715.0,885.0,4549.0,75.0,278.0,2806.0,320.0,4100.0,1308.0,507.0,1665.0,5558.0,19009.0,4353.0,13386.0,895.0,262.0,380.0,122.0,27.0,1892.0,65.0,271.0,1666.0,54.0,267.0,237.0,1095.0,32.0,132.0,730.0,72.0,1120.0,467.0,219.0,542.0,2242.0,4964.0,648.0,3570.0,38667.0,16698.0,21969.0,136053.0,58852.0,77201.0,3.52
2018-09-01,2018.0,September,9707,3706,53.13,76.94,81.7,567,3506.0,1081.0,864.0,529.0,439.0,5232.0,219.0,759.0,6504.0,16.0,875.0,857.0,3696.0,204.0,598.0,2602.0,271.0,5377.0,1985.0,494.0,1251.0,7411.0,27187.0,3670.0,14652.0,1264.0,446.0,295.0,134.0,131.0,1565.0,67.0,203.0,1793.0,6.0,263.0,269.0,791.0,58.0,216.0,679.0,99.0,1523.0,510.0,151.0,479.0,2695.0,7380.0,628.0,4191.0,45432.0,19596.0,25836.0,155137.0,64857.0,90280.0,3.41
2018-10-01,2018.0,October,9735,3725,53.3,74.37,78.28,557,4940.0,1395.0,1139.0,780.0,265.0,5786.0,480.0,1048.0,6831.0,59.0,1717.0,1594.0,3831.0,309.0,760.0,2597.0,474.0,7990.0,1853.0,961.0,1330.0,8765.0,23045.0,3224.0,16105.0,1620.0,567.0,404.0,255.0,79.0,1857.0,111.0,247.0,1869.0,18.0,573.0,396.0,769.0,137.0,179.0,614.0,145.0,1986.0,476.0,276.0,511.0,2716.0,5721.0,529.0,4298.0,45473.0,19120.0,26353.0,161944.0,64668.0,97276.0,3.56
2018-11-01,2018.0,November,9551,3762,47.68,65.97,68.03,548,3056.0,546.0,577.0,479.0,402.0,5096.0,379.0,756.0,5488.0,39.0,1083.0,1025.0,3958.0,160.0,648.0,2229.0,182.0,3509.0,1773.0,795.0,1984.0,5093.0,20604.0,3074.0,12598.0,1007.0,267.0,245.0,136.0,140.0,1429.0,114.0,298.0,1418.0,28.0,357.0,298.0,824.0,70.0,219.0,538.0,56.0,977.0,433.0,315.0,515.0,1867.0,4175.0,468.0,3193.0,39274.0,19887.0,19387.0,138734.0,63200.0,75534.0,3.53
2018-12-01,2018.0,December,9412,3714,47.44,62.84,71.4,553,1410.0,521.0,572.0,204.0,234.0,4409.0,366.0,654.0,7189.0,49.0,979.0,746.0,3959.0,181.0,227.0,2300.0,120.0,2130.0,896.0,583.0,1967.0,5325.0,19375.0,2726.0,10337.0,393.0,153.0,159.0,46.0,73.0,1092.0,93.0,172.0,1923.0,21.0,277.0,199.0,771.0,62.0,107.0,466.0,36.0,590.0,229.0,198.0,483.0,1627.0,3287.0,417.0,2486.0,36246.0,20889.0,15357.0,139405.0,71946.0,67459.0,3.85
2019-01-01,2019.0,January,8775,3447,42.76,59.53,61.61,493,1249.0,203.0,780.0,279.0,184.0,3447.0,458.0,720.0,5177.0,33.0,1231.0,489.0,3035.0,163.0,258.0,2183.0,107.0,2092.0,1629.0,266.0,2067.0,4429.0,18404.0,3256.0,10255.0,393.0,77.0,251.0,54.0,53.0,854.0,96.0,207.0,1074.0,14.0,537.0,135.0,569.0,47.0,117.0,432.0,40.0,560.0,409.0,78.0,299.0,1313.0,3391.0,513.0,2927.0,29192.0,14750.0,14442.0,116731.0,54336.0,62395.0,4.0
2019-02-01,2019.0,February,8711,3422,50.49,66.57,72.61,579,1894.0,482.0,740.0,390.0,292.0,4251.0,373.0,1022.0,6093.0,135.0,924.0,702.0,2799.0,192.0,379.0,2389.0,360.0,3053.0,1543.0,723.0,1701.0,4970.0,17528.0,3248.0,10254.0,643.0,220.0,271.0,86.0,85.0,1289.0,109.0,294.0,1569.0,45.0,295.0,159.0,694.0,63.0,112.0,508.0,143.0,922.0,393.0,238.0,330.0,1784.0,3074.0,579.0,3062.0,34744.0,17778.0,16966.0,123767.0,57330.0,66437.0,3.56
2019-03-01,2019.0,March,9825,3689,52.86,73.62,78.77,537,4131.0,659.0,891.0,774.0,417.0,5680.0,680.0,1090.0,6859.0,498.0,1755.0,964.0,3750.0,286.0,365.0,2815.0,566.0,4702.0,2772.0,669.0,1928.0,14061.0,18801.0,2962.0,13225.0,1293.0,256.0,247.0,199.0,122.0,1584.0,171.0,295.0,1798.0,151.0,688.0,272.0,890.0,90.0,136.0,683.0,125.0,1467.0,572.0,179.0,453.0,4628.0,3797.0,519.0,3926.0,45761.0,21218.0,24543.0,162346.0,71048.0,91298.0,3.55
2019-04-01,2019.0,April,9937,3677,55.35,75.93,79.7,535,3825.0,711.0,976.0,1197.0,419.0,7316.0,617.0,1530.0,8883.0,153.0,1779.0,1128.0,4838.0,322.0,665.0,2798.0,641.0,6165.0,1806.0,1763.0,2327.0,10568.0,23413.0,2764.0,15419.0,1433.0,326.0,459.0,407.0,167.0,1962.0,214.0,530.0,2488.0,60.0,681.0,386.0,1322.0,145.0,247.0,684.0,248.0,2050.0,517.0,469.0,807.0,3924.0,5098.0,614.0,4590.0,49506.0,19679.0,29827.0,166536.0,64515.0,102021.0,3.36
2019-05-01,2019.0,May,9817,3664,52.61,74.72,78.06,521,3546.0,718.0,869.0,722.0,381.0,5940.0,477.0,1799.0,6913.0,54.0,1549.0,1454.0,3683.0,339.0,620.0,3140.0,395.0,6565.0,2461.0,1609.0,2071.0,10257.0,26295.0,2339.0,14323.0,1173.0,344.0,422.0,233.0,160.0,1816.0,117.0,681.0,1913.0,29.0,610.0,498.0,790.0,104.0,231.0,645.0,146.0,2696.0,853.0,355.0,590.0,3630.0,6848.0,369.0,4440.0,48645.0,18952.0,29693.0,161189.0,62670.0,98519.0,3.31
2019-06-01,2019.0,June,9791,3658,56.6,80.71,82.93,522,2696.0,521.0,736.0,527.0,220.0,5928.0,447.0,1131.0,7568.0,38.0,1629.0,923.0,3827.0,222.0,701.0,2150.0,481.0,6453.0,2805.0,954.0,2697.0,16423.0,24880.0,2970.0,17961.0,883.0,187.0,305.0,115.0,73.0,1582.0,121.0,388.0,1891.0,28.0,535.0,388.0,921.0,97.0,234.0,498.0,176.0,1942.0,793.0,214.0,770.0,6562.0,6908.0,651.0,6053.0,52442.0,20127.0,32315.0,167397.0,62509.0,104888.0,3.19
2019-07-01,2019.0,July,9919,3636,53.41,71.98,75.64,531,2979.0,393.0,831.0,570.0,250.0,6694.0,665.0,1043.0,6066.0,94.0,1222.0,844.0,3951.0,199.0,620.0,2224.0,635.0,4578.0,2253.0,682.0,2238.0,14445.0,27177.0,4484.0,17107.0,969.0,150.0,313.0,190.0,100.0,1877.0,146.0,330.0,1510.0,50.0,436.0,292.0,894.0,45.0,212.0,526.0,179.0,1343.0,456.0,196.0,725.0,5263.0,7905.0,1133.0,5331.0,50668.0,20096.0,30572.0,165996.0,63753.0,102243.0,3.28
2019-08-01,2019.0,August,10002,3600,47.54,63.63,64.52,508,2239.0,443.0,949.0,330.0,134.0,6463.0,396.0,1108.0,6459.0,249.0,1137.0,793.0,4451.0,143.0,289.0,2049.0,244.0,4326.0,1472.0,197.0,1538.0,8953.0,25314.0,4244.0,16936.0,755.0,183.0,339.0,134.0,25.0,2283.0,110.0,329.0,1701.0,51.0,445.0,254.0,1345.0,84.0,157.0,402.0,99.0,1352.0,496.0,107.0,476.0,3324.0,6528.0,690.0,5097.0,43810.0,17045.0,26765.0,149201.0,58343.0,90858.0,3.41
2019-09-01,2019.0,September,10437,3705,51.78,76.97,82.16,541,3904.0,830.0,1294.0,576.0,520.0,4405.0,363.0,1137.0,8273.0,112.0,1367.0,750.0,3240.0,221.0,637.0,2402.0,514.0,6266.0,1757.0,946.0,2185.0,9816.0,30489.0,3204.0,17901.0,1249.0,308.0,543.0,224.0,155.0,1253.0,146.0,383.0,2133.0,55.0,510.0,221.0,830.0,77.0,214.0,464.0,221.0,1847.0,505.0,409.0,840.0,3520.0,8566.0,510.0,5357.0,51119.0,20581.0,30538.0,163437.0,60329.0,103108.0,3.2
2019-10-01,2019.0,October,10258,3740,54.5,79.59,83.22,539,5641.0,923.0,1791.0,1063.0,440.0,6833.0,527.0,1176.0,9014.0,167.0,1895.0,1030.0,3922.0,503.0,896.0,3307.0,829.0,6563.0,2247.0,1279.0,2821.0,10433.0,27583.0,3178.0,17946.0,1987.0,367.0,595.0,406.0,167.0,2122.0,145.0,414.0,2275.0,55.0,671.0,315.0,975.0,203.0,265.0,834.0,236.0,1842.0,720.0,470.0,924.0,3518.0,7666.0,666.0,5708.0,55575.0,22031.0,33544.0,174658.0,62650.0,112008.0,3.14
2019-11-01,2019.0,November,10239,3727,51.66,76.39,83.77,534,2303.0,814.0,1066.0,254.0,500.0,6510.0,509.0,894.0,8794.0,60.0,1539.0,934.0,3325.0,310.0,395.0,2756.0,479.0,5417.0,1582.0,644.0,2635.0,8699.0,23607.0,3555.0,13649.0,829.0,282.0,408.0,83.0,158.0,1940.0,160.0,332.0,2277.0,27.0,573.0,252.0,852.0,94.0,148.0,650.0,112.0,1452.0,483.0,250.0,805.0,2997.0,5219.0,660.0,3993.0,48345.0,23309.0,25036.0,159817.0,68587.0,91230.0,3.31
2019-12-01,2019.0,December,10235,3731,51.28,70.01,79.68,540,1781.0,531.0,548.0,191.0,584.0,6477.0,562.0,530.0,8419.0,236.0,1558.0,630.0,3649.0,874.0,452.0,2582.0,313.0,4620.0,1227.0,770.0,2139.0,8522.0,22447.0,3180.0,14490.0,635.0,168.0,168.0,95.0,169.0,1535.0,159.0,213.0,1945.0,124.0,556.0,162.0,806.0,314.0,182.0,515.0,98.0,1001.0,470.0,212.0,505.0,2695.0,4433.0,534.0,4057.0,47903.0,26151.0,21752.0,164169.0,76855.0,87314.0,3.43
2020-01-01,2020.0,January,10137,3753,48.47,67.4,70.14,535,1500.0,386.0,749.0,298.0,132.0,4719.0,354.0,773.0,7623.0,10.0,2087.0,664.0,3902.0,185.0,328.0,2493.0,210.0,3658.0,1907.0,862.0,1640.0,5322.0,31827.0,3184.0,16707.0,495.0,197.0,267.0,95.0,55.0,1039.0,91.0,282.0,1533.0,10.0,895.0,248.0,905.0,44.0,138.0,550.0,55.0,897.0,483.0,234.0,449.0,1721.0,8131.0,554.0,5405.0,44492.0,19722.0,24770.0,153606.0,62086.0,91520.0,3.45
2020-02-01,2020.0,February,9968,3749,51.86,70.47,75.51,526,1695.0,498.0,899.0,888.0,327.0,4329.0,408.0,676.0,6490.0,118.0,1425.0,806.0,3684.0,488.0,335.0,2872.0,403.0,4325.0,1307.0,449.0,1359.0,5494.0,33057.0,2727.0,12208.0,583.0,163.0,389.0,308.0,161.0,1424.0,135.0,401.0,1703.0,61.0,467.0,270.0,990.0,116.0,140.0,610.0,177.0,1464.0,264.0,185.0,323.0,1582.0,10089.0,555.0,3810.0,48336.0,21966.0,26370.0,150861.0,63593.0,87268.0,3.12
2020-03-01,2020.0,March,4343,1583,45.67,60.44,59.6,247,555.0,184.0,939.0,97.0,15.0,2527.0,65.0,178.0,2596.0,237.0,563.0,32.0,1071.0,91.0,44.0,1428.0,291.0,2269.0,529.0,263.0,916.0,2152.0,9620.0,1382.0,5802.0,141.0,50.0,111.0,37.0,7.0,384.0,17.0,38.0,336.0,18.0,109.0,7.0,149.0,6.0,41.0,134.0,18.0,194.0,75.0,73.0,268.0,502.0,1415.0,136.0,648.0,10460.0,5546.0,4914.0,61565.0,27719.0,33846.0,5.89
2020-04-01,2020.0,April,0,0,0.0,0.0,0.0,0,0.0,0.0,0.0,0.0,0.0,0.0,0.0,0.0,0.0,0.0,0.0,0.0,0.0,0.0,0.0,0.0,0.0,0.0,0.0,0.0,0.0,0.0,0.0,0.0,0.0,0.0,0.0,0.0,0.0,0.0,0.0,0.0,0.0,0.0,0.0,0.0,0.0,0.0,0.0,0.0,0.0,0.0,0.0,0.0,0.0,0.0,0.0,0.0,0.0,0.0,0.0,0.0,0.0,0.0,0.0,0.0,0.0
2020-05-01,2020.0,May,0,0,0.0,0.0,0.0,0,0.0,0.0,0.0,0.0,0.0,0.0,0.0,0.0,0.0,0.0,0.0,0.0,0.0,0.0,0.0,0.0,0.0,0.0,0.0,0.0,0.0,0.0,0.0,0.0,0.0,0.0,0.0,0.0,0.0,0.0,0.0,0.0,0.0,0.0,0.0,0.0,0.0,0.0,0.0,0.0,0.0,0.0,0.0,0.0,0.0,0.0,0.0,0.0,0.0,0.0,0.0,0.0,0.0,0.0,0.0,0.0,0.0
2020-06-01,2020.0,June,0,0,0.0,0.0,0.0,0,0.0,0.0,0.0,0.0,0.0,0.0,0.0,0.0,0.0,0.0,0.0,0.0,0.0,0.0,0.0,0.0,0.0,0.0,0.0,0.0,0.0,0.0,0.0,0.0,0.0,0.0,0.0,0.0,0.0,0.0,0.0,0.0,0.0,0.0,0.0,0.0,0.0,0.0,0.0,0.0,0.0,0.0,0.0,0.0,0.0,0.0,0.0,0.0,0.0,0.0,0.0,0.0,0.0,0.0,0.0,0.0,0.0
2020-07-01,2020.0,July,7216,2803,24.07,35.15,34.55,227,264.0,13.0,84.0,24.0,4.0,1184.0,35.0,19.0,2113.0,65.0,237.0,27.0,1301.0,753.0,15.0,20.0,937.0,71.0,106.0,25.0,442.0,569.0,11112.0,1219.0,854.0,108.0,8.0,60.0,11.0,4.0,337.0,12.0,8.0,234.0,4.0,78.0,14.0,150.0,185.0,10.0,20.0,119.0,2.0,40.0,25.0,116.0,74.0,374.0,86.0,138.0,8883.0,6663.0,2220.0,53428.0,31937.0,21491.0,6.01
2020-08-01,2020.0,August,7475,2943,22.99,34.6,34.42,245,241.0,27.0,66.0,0.0,0.0,1562.0,13.0,38.0,2587.0,77.0,222.0,127.0,1492.0,719.0,116.0,93.0,1050.0,18.0,49.0,21.0,440.0,1051.0,11715.0,1502.0,674.0,100.0,23.0,41.0,0.0,0.0,378.0,13.0,7.0,283.0,12.0,59.0,33.0,236.0,101.0,32.0,29.0,167.0,5.0,49.0,12.0,75.0,293.0,1101.0,139.0,188.0,9066.0,5689.0,3377.0,53321.0,29419.0,23902.0,5.88
2020-09-01,2020.0,September,8032,3175,23.78,32.89,33.85,262,282.0,103.0,105.0,6.0,8.0,1529.0,26.0,135.0,2515.0,72.0,108.0,192.0,1398.0,944.0,2.0,4.0,597.0,33.0,178.0,15.0,458.0,207.0,9346.0,1508.0,1795.0,67.0,21.0,39.0,4.0,6.0,281.0,26.0,34.0,172.0,4.0,27.0,31.0,232.0,60.0,2.0,4.0,71.0,2.0,55.0,10.0,98.0,49.0,324.0,154.0,688.0,9338.0,6874.0,2464.0,57327.0,35759.0,21568.0,6.14
2020-10-01,2020.0,October,8113,3208,20.61,30.7,30.11,252,260.0,56.0,28.0,9.0,0.0,1141.0,0.0,65.0,2728.0,65.0,146.0,96.0,1447.0,932.0,2.0,7.0,695.0,30.0,55.0,4.0,715.0,224.0,9360.0,1518.0,2116.0,45.0,9.0,10.0,2.0,0.0,187.0,0.0,4.0,149.0,4.0,34.0,31.0,132.0,76.0,2.0,0.0,83.0,0.0,9.0,4.0,53.0,28.0,269.0,96.0,566.0,6175.0,4381.0,1794.0,51858.0,30158.0,21700.0,8.4
2020-11-01,2020.0,November,8055,3196,21.91,32.87,33.23,225,135.0,23.0,54.0,0.0,0.0,742.0,11.0,11.0,2172.0,0.0,130.0,132.0,1642.0,867.0,0.0,2.0,1030.0,0.0,33.0,6.0,246.0,262.0,9244.0,1422.0,753.0,36.0,11.0,11.0,0.0,0.0,148.0,4.0,6.0,198.0,0.0,41.0,29.0,79.0,67.0,0.0,2.0,102.0,0.0,2.0,6.0,21.0,68.0,356.0,79.0,97.0,6215.0,4852.0,1363.0,52982.0,34066.0,18916.0,8.52
2020-12-01,2020.0,December,7813,3067,27.61,36.57,36.62,244,176.0,0.0,40.0,39.0,0.0,1066.0,4.0,6.0,2652.0,0.0,178.0,77.0,1678.0,1524.0,0.0,34.0,1116.0,2.0,59.0,64.0,248.0,381.0,10929.0,2205.0,1671.0,47.0,0.0,2.0,7.0,0.0,160.0,4.0,6.0,116.0,0.0,40.0,17.0,107.0,41.0,0.0,7.0,93.0,2.0,21.0,17.0,44.0,46.0,445.0,122.0,128.0,8066.0,6594.0,1472.0,66913.0,42763.0,24150.0,8.3
2021-01-01,2021.0,January,8653,3285,21.03,31.58,32.54,266,217.0,212.0,195.0,2.0,6.0,1299.0,7.0,11.0,2192.0,5.0,178.0,266.0,1254.0,2.0,35.0,868.0,385.0,579.0,56.0,102.0,469.0,329.0,6576.0,2052.0,1452.0,59.0,33.0,41.0,2.0,6.0,346.0,3.0,7.0,145.0,5.0,74.0,40.0,99.0,2.0,9.0,130.0,7.0,46.0,20.0,29.0,75.0,49.0,332.0,176.0,174.0,9379.0,7472.0,1907.0,56435.0,37685.0,18750.0,6.02
2021-02-01,2021.0,February,8515,3182,25.9,40.24,41.6,256,177.0,127.0,105.0,0.0,9.0,1653.0,47.0,11.0,2130.0,31.0,135.0,217.0,1194.0,13.0,53.0,958.0,4.0,802.0,71.0,6.0,685.0,894.0,6529.0,2607.0,1940.0,30.0,4.0,18.0,0.0,4.0,385.0,24.0,4.0,131.0,4.0,61.0,24.0,117.0,9.0,16.0,101.0,4.0,68.0,9.0,5.0,86.0,86.0,370.0,124.0,296.0,9794.0,7811.0,1983.0,61783.0,41384.0,20399.0,6.31
2021-03-01,2021.0,March,8398,3138,26.89,41.67,42.38,256,566.0,157.0,269.0,8.0,18.0,3769.0,7.0,39.0,3277.0,71.0,241.0,134.0,1787.0,13.0,319.0,999.0,103.0,1024.0,341.0,54.0,279.0,699.0,6727.0,2621.0,1912.0,151.0,28.0,45.0,5.0,11.0,744.0,4.0,12.0,396.0,5.0,78.0,32.0,192.0,8.0,47.0,171.0,5.0,85.0,12.0,14.0,37.0,92.0,487.0,164.0,332.0,11658.0,8499.0,3159.0,70037.0,44603.0,25434.0,6.01
2021-04-01,2021.0,April,8399,3129,27.52,42.06,42.97,257,750.0,202.0,508.0,21.0,18.0,3780.0,143.0,16.0,3111.0,101.0,551.0,346.0,2415.0,41.0,101.0,1297.0,114.0,1187.0,329.0,143.0,417.0,449.0,6287.0,2492.0,1742.0,164.0,41.0,114.0,16.0,4.0,890.0,38.0,7.0,440.0,36.0,85.0,59.0,245.0,22.0,7.0,171.0,5.0,120.0,23.0,41.0,64.0,96.0,415.0,126.0,256.0,11736.0,8252.0,3484.0,69391.0,42830.0,26560.0,5.91
2021-05-01,2021.0,May,8599,3204,30.49,47.5,51.61,271,1265.0,113.0,848.0,33.0,78.0,3703.0,171.0,100.0,3279.0,6.0,373.0,347.0,2675.0,52.0,36.0,1659.0,19.0,795.0,490.0,169.0,470.0,697.0,6082.0,2535.0,1874.0,390.0,23.0,166.0,12.0,33.0,1113.0,48.0,26.0,537.0,6.0,117.0,50.0,348.0,17.0,18.0,252.0,2.0,83.0,76.0,69.0,54.0,100.0,526.0,190.0,253.0,17170.0,12659.0,4511.0,81389.0,53522.0,27867.0,4.74
2021-06-01,2021.0,June,9280,3449,29.89,46.25,52.47,309,1284.0,213.0,370.0,57.0,70.0,2115.0,218.0,48.0,3061.0,0.0,361.0,471.0,2445.0,76.0,123.0,1149.0,23.0,1386.0,467.0,262.0,419.0,1165.0,7531.0,2336.0,3379.0,322.0,33.0,85.0,17.0,22.0,628.0,32.0,23.0,650.0,0.0,152.0,79.0,347.0,26.0,34.0,223.0,15.0,191.0,74.0,114.0,102.0,302.0,1004.0,181.0,384.0,18465.0,13428.0,5037.0,83329.0,54299.0,29030.0,4.51
2021-07-01,2021.0,July,9603,3538,36.21,49.15,51.82,374,1145.0,232.0,579.0,85.0,26.0,4058.0,264.0,115.0,3918.0,30.0,963.0,468.0,2582.0,129.0,163.0,1561.0,77.0,1752.0,574.0,299.0,573.0,5703.0,12474.0,3020.0,4081.0,401.0,55.0,272.0,34.0,15.0,1191.0,74.0,47.0,962.0,7.0,270.0,111.0,449.0,44.0,35.0,333.0,25.0,437.0,93.0,91.0,117.0,2730.0,2310.0,347.0,614.0,29357.0,18294.0,11063.0,108107.0,63235.0,44872.0,3.68
2021-08-01,2021.0,August,9494,3503,37.6,48.69,51.55,337,1251.0,130.0,1014.0,163.0,102.0,5846.0,121.0,67.0,4328.0,39.0,1284.0,475.0,4155.0,202.0,131.0,1361.0,32.0,1348.0,336.0,435.0,850.0,4552.0,10688.0,3471.0,5097.0,350.0,37.0,331.0,56.0,35.0,1881.0,17.0,27.0,864.0,13.0,418.0,113.0,835.0,43.0,23.0,329.0,19.0,372.0,106.0,129.0,97.0,1371.0,2060.0,439.0,1026.0,28445.0,17454.0,10992.0,111307.0,63829.0,47478.0,3.91
2021-09-01,2021.0,September,9811,3686,42.6,59.79,67.33,408,1720.0,113.0,790.0,198.0,119.0,4169.0,252.0,488.0,5806.0,116.0,1204.0,1273.0,4058.0,303.0,401.0,2132.0,112.0,1614.0,498.0,858.0,1077.0,5905.0,15983.0,3859.0,6112.0,576.0,35.0,265.0,56.0,30.0,1162.0,61.0,195.0,1409.0,40.0,312.0,228.0,928.0,82.0,74.0,488.0,67.0,475.0,169.0,257.0,201.0,1633.0,3989.0,509.0,1165.0,34214.0,19809.0,14405.0,126399.0,67237.0,59161.0,3.69
2021-10-01,2021.0,October,9925,3777,47.47,67.94,75.15,418,3146.0,395.0,728.0,384.0,282.0,5667.0,363.0,432.0,6119.0,37.0,2124.0,1434.0,3914.0,356.0,377.0,2089.0,226.0,3443.0,577.0,639.0,1469.0,4977.0,15494.0,3606.0,7052.0,977.0,135.0,307.0,111.0,84.0,1872.0,89.0,101.0,1547.0,22.0,640.0,293.0,1033.0,130.0,102.0,553.0,90.0,1061.0,198.0,174.0,329.0,1521.0,4082.0,481.0,1120.0,42776.0,25723.0,17053.0,147284.0,81955.0,65329.0,3.44
2021-11-01,2021.0,November,9915,3780,51.23,69.73,82.11,445,2608.0,204.0,1567.0,511.0,696.0,7019.0,255.0,574.0,6526.0,13.0,1763.0,1082.0,2875.0,541.0,633.0,2358.0,537.0,2079.0,889.0,717.0,1344.0,5622.0,16683.0,4109.0,8755.0,869.0,54.0,553.0,231.0,228.0,2149.0,59.0,200.0,2048.0,3.0,604.0,300.0,790.0,224.0,238.0,816.0,287.0,816.0,386.0,363.0,436.0,1732.0,4569.0,645.0,1662.0,47825.0,27565.0,20260.0,153742.0,83781.0,69961.0,3.21
2021-12-01,2021.0,December,9833,3755,47.49,62.53,67.21,452,1837.0,409.0,625.0,215.0,195.0,5734.0,351.0,377.0,5765.0,173.0,825.0,498.0,2880.0,207.0,360.0,1705.0,218.0,1473.0,605.0,274.0,693.0,6719.0,17414.0,2726.0,7440.0,666.0,163.0,326.0,85.0,98.0,1699.0,93.0,144.0,1749.0,48.0,348.0,183.0,798.0,112.0,135.0,588.0,88.0,504.0,208.0,114.0,225.0,1755.0,4594.0,355.0,1304.0,44572.0,28191.0,16381.0,147045.0,87327.0,59718.0,3.3
2022-01-01,2022.0,January,9562,3588,39.74,54.01,60.66,477,1720.0,612.0,637.0,506.0,527.0,2893.0,456.0,376.0,5660.0,245.0,897.0,803.0,2769.0,136.0,376.0,2558.0,333.0,730.0,640.0,549.0,1500.0,3973.0,17496.0,2554.0,7799.0,519.0,122.0,174.0,174.0,113.0,776.0,86.0,132.0,1106.0,84.0,283.0,125.0,503.0,53.0,84.0,700.0,75.0,276.0,220.0,154.0,463.0,1190.0,3559.0,331.0,1964.0,30164.0,16896.0,13268.0,118297.0,61551.0,56746.0,3.95
2022-02-01,2022.0,February,9758,3581,48.0,65.46,76.29,497,2194.0,226.0,398.0,631.0,200.0,4896.0,307.0,617.0,5121.0,33.0,997.0,1524.0,3341.0,247.0,615.0,1862.0,196.0,2743.0,704.0,1062.0,2201.0,2535.0,17338.0,3448.0,7153.0,832.0,71.0,168.0,119.0,40.0,1448.0,56.0,200.0,1420.0,19.0,349.0,363.0,732.0,176.0,190.0,426.0,75.0,939.0,395.0,320.0,628.0,806.0,3730.0,343.0,1058.0,35073.0,20171.0,14901.0,131922.0,71333.0,60589.0,3.76
2022-03-01,2022.0,March,9948,3616,52.29,73.32,85.62,549,4631.0,536.0,1063.0,420.0,627.0,5632.0,737.0,809.0,6197.0,47.0,1661.0,749.0,4457.0,1221.0,674.0,2865.0,178.0,3590.0,164.0,1182.0,1290.0,10028.0,19536.0,3575.0,10663.0,1160.0,173.0,421.0,117.0,150.0,1628.0,200.0,279.0,1668.0,15.0,506.0,196.0,1076.0,54.0,190.0,730.0,66.0,1244.0,101.0,411.0,314.0,3476.0,4555.0,572.0,1812.0,46526.0,25411.0,21115.0,161816.0,79287.0,82530.0,3.48
2022-04-01,2022.0,April,10553,3748,62.75,81.83,87.67,562,3675.0,1059.0,2024.0,1086.0,530.0,10730.0,1280.0,1742.0,8931.0,322.0,2013.0,1095.0,6866.0,1214.0,1650.0,19186.0,768.0,6407.0,430.0,1527.0,3747.0,9563.0,24938.0,1670.0,10106.0,1014.0,382.0,698.0,355.0,200.0,3077.0,287.0,515.0,2515.0,161.0,693.0,409.0,2003.0,223.0,399.0,2889.0,292.0,2091.0,176.0,625.0,1254.0,3106.0,7335.0,288.0,2156.0,59181.0,26039.0,33142.0,201160.0,78600.0,122560.0,3.4
2022-05-01,2022.0,May,10369,3732,58.33,79.35,86.45,544,3774.0,1107.0,1322.0,478.0,403.0,8054.0,242.0,949.0,9080.0,31.0,3718.0,1449.0,4685.0,253.0,440.0,2980.0,95.0,7333.0,279.0,858.0,3653.0,12478.0,32170.0,2850.0,13071.0,1237.0,432.0,453.0,120.0,147.0,2256.0,106.0,240.0,2592.0,14.0,1217.0,284.0,1291.0,85.0,141.0,807.0,48.0,2160.0,113.0,345.0,553.0,4231.0,8732.0,424.0,2711.0,54096.0,23356.0,30739.0,188998.0,77245.0,111752.0,3.49
2022-06-01,2022.0,June,10375,3734,61.44,82.5,87.54,564,3633.0,344.0,785.0,433.0,281.0,5302.0,155.0,1212.0,6486.0,85.0,1752.0,805.0,4082.0,59.0,376.0,2031.0,187.0,5481.0,177.0,822.0,24036.0,21385.0,26340.0,2081.0,9585.0,1116.0,139.0,251.0,92.0,93.0,1544.0,59.0,353.0,2011.0,32.0,656.0,200.0,1233.0,22.0,151.0,514.0,56.0,1517.0,55.0,251.0,6729.0,7847.0,8755.0,355.0,2526.0,62576.0,26019.0,36558.0,192826.0,74912.0,117915.0,3.08
2022-07-01,2022.0,July,10275,3753,59.75,74.62,76.38,542,3342.0,427.0,1314.0,1016.0,463.0,9066.0,522.0,2404.0,5973.0,35.0,2305.0,712.0,5389.0,139.0,389.0,3353.0,523.0,6873.0,620.0,954.0,2815.0,18891.0,34816.0,3992.0,15060.0,1038.0,212.0,432.0,366.0,99.0,2213.0,130.0,715.0,1556.0,7.0,690.0,165.0,1048.0,42.0,154.0,860.0,221.0,1631.0,260.0,391.0,622.0,6199.0,10827.0,631.0,3762.0,55327.0,21057.0,34270.0,192794.0,71400.0,121394.0,3.48
2022-08-01,2022.0,August,10411,3708,55.68,69.09,73.45,516,1931.0,182.0,1188.0,170.0,388.0,13531.0,246.0,2367.0,7603.0,88.0,2587.0,522.0,8627.0,299.0,358.0,2380.0,406.0,4285.0,538.0,401.0,3149.0,8563.0,25048.0,6068.0,12796.0,621.0,83.0,447.0,82.0,113.0,3470.0,100.0,721.0,1878.0,34.0,838.0,132.0,2224.0,109.0,150.0,516.0,102.0,1254.0,207.0,173.0,850.0,3122.0,7753.0,882.0,3082.0,51318.0,22375.0,28944.0,182044.0,78326.0,103719.0,3.55
2022-09-01,2022.0,September,10304,3712,58.93,83.69,87.43,552,2922.0,500.0,948.0,735.0,434.0,5052.0,138.0,951.0,6807.0,96.0,2828.0,1146.0,5113.0,501.0,340.0,2639.0,280.0,5174.0,723.0,800.0,15734.0,11899.0,32227.0,3426.0,13844.0,1024.0,191.0,257.0,291.0,125.0,1431.0,55.0,441.0,2047.0,46.0,863.0,390.0,1385.0,157.0,188.0,723.0,141.0,1728.0,322.0,298.0,1996.0,4011.0,8973.0,514.0,4765.0,56174.0,23811.0,32363.0,183319.0,68062.0,115257.0,3.26
2022-10-01,2022.0,October,11300,4005,55.24,80.01,82.99,558,4192.0,862.0,1388.0,1419.0,841.0,7164.0,653.0,1062.0,7793.0,19.0,3135.0,779.0,4339.0,365.0,464.0,3816.0,330.0,7063.0,625.0,1649.0,16264.0,10267.0,32432.0,3617.0,14937.0,1270.0,290.0,524.0,424.0,268.0,2150.0,178.0,387.0,2454.0,10.0,1005.0,272.0,1139.0,90.0,201.0,976.0,141.0,2392.0,183.0,496.0,1939.0,3870.0,9655.0,608.0,4197.0,58861.0,23741.0,35120.0,194749.0,69272.0,125477.0,3.31
2022-11-01,2022.0,November,11540,4145,48.6,71.83,81.0,596,3604.0,1102.0,1506.0,829.0,350.0,7359.0,497.0,1832.0,6413.0,302.0,1420.0,670.0,3809.0,391.0,679.0,4137.0,221.0,5023.0,504.0,1144.0,6580.0,10327.0,22838.0,4744.0,10998.0,1068.0,273.0,415.0,268.0,104.0,2499.0,207.0,612.0,2077.0,148.0,552.0,275.0,1094.0,82.0,240.0,1413.0,88.0,1821.0,205.0,352.0,1406.0,3536.0,6463.0,1113.0,2902.0,54955.0,25741.0,29214.0,169083.0,71804.0,97279.0,3.08
2022-12-01,2022.0,December,11570,4124,51.55,67.96,71.14,593,1474.0,187.0,846.0,350.0,150.0,5358.0,310.0,797.0,5393.0,67.0,1058.0,238.0,4149.0,82.0,140.0,4931.0,115.0,2500.0,796.0,519.0,3825.0,10093.0,34276.0,4078.0,11081.0,467.0,71.0,230.0,148.0,76.0,1560.0,109.0,226.0,1625.0,8.0,442.0,105.0,1404.0,22.0,66.0,768.0,40.0,949.0,154.0,215.0,865.0,3078.0,12532.0,552.0,3113.0,64526.0,35702.0,28824.0,186447.0,93635.0,92811.0,2.89
2023-01-01,2023.0,January,11644,4283,43.15,61.61,68.61,478,3459.0,1046.0,1034.0,497.0,478.0,4675.0,799.0,1013.0,7873.0,176.0,743.0,574.0,4673.0,498.0,394.0,3660.0,371.0,2901.0,555.0,713.0,5219.0,6552.0,22244.0,4079.0,12824.0,936.0,227.0,282.0,188.0,171.0,1332.0,253.0,226.0,2009.0,94.0,306.0,282.0,1309.0,176.0,201.0,1893.0,155.0,1004.0,180.0,239.0,1813.0,2152.0,6058.0,803.0,3241.0,49696.0,24165.0,25531.0,156435.0,69384.0,87050.0,3.15
2023-02-01,2023.0,February,0,0,0.0,0.0,0.0,0,0.0,0.0,0.0,0.0,0.0,0.0,0.0,0.0,0.0,0.0,0.0,0.0,0.0,0.0,0.0,0.0,0.0,0.0,0.0,0.0,0.0,0.0,0.0,0.0,0.0,0.0,0.0,0.0,0.0,0.0,0.0,0.0,0.0,0.0,0.0,0.0,0.0,0.0,0.0,0.0,0.0,0.0,0.0,0.0,0.0,0.0,0.0,0.0,0.0,0.0,0.0,0.0,0.0,0.0,0.0,0.0,0.0
2023-03-01,2023.0,March,0,0,0.0,0.0,0.0,0,0.0,0.0,0.0,0.0,0.0,0.0,0.0,0.0,0.0,0.0,0.0,0.0,0.0,0.0,0.0,0.0,0.0,0.0,0.0,0.0,0.0,0.0,0.0,0.0,0.0,0.0,0.0,0.0,0.0,0.0,0.0,0.0,0.0,0.0,0.0,0.0,0.0,0.0,0.0,0.0,0.0,0.0,0.0,0.0,0.0,0.0,0.0,0.0,0.0,0.0,0.0,0.0,0.0,0.0,0.0,0.0,0.0
2023-04-01,2023.0,April,0,0,0.0,0.0,0.0,0,0.0,0.0,0.0,0.0,0.0,0.0,0.0,0.0,0.0,0.0,0.0,0.0,0.0,0.0,0.0,0.0,0.0,0.0,0.0,0.0,0.0,0.0,0.0,0.0,0.0,0.0,0.0,0.0,0.0,0.0,0.0,0.0,0.0,0.0,0.0,0.0,0.0,0.0,0.0,0.0,0.0,0.0,0.0,0.0,0.0,0.0,0.0,0.0,0.0,0.0,0.0,0.0,0.0,0.0,0.0,0.0,0.0
2023-05-01,2023.0,May,0,0,0.0,0.0,0.0,0,0.0,0.0,0.0,0.0,0.0,0.0,0.0,0.0,0.0,0.0,0.0,0.0,0.0,0.0,0.0,0.0,0.0,0.0,0.0,0.0,0.0,0.0,0.0,0.0,0.0,0.0,0.0,0.0,0.0,0.0,0.0,0.0,0.0,0.0,0.0,0.0,0.0,0.0,0.0,0.0,0.0,0.0,0.0,0.0,0.0,0.0,0.0,0.0,0.0,0.0,0.0,0.0,0.0,0.0,0.0,0.0,0.0
2023-06-01,2023.0,June,0,0,0.0,0.0,0.0,0,0.0,0.0,0.0,0.0,0.0,0.0,0.0,0.0,0.0,0.0,0.0,0.0,0.0,0.0,0.0,0.0,0.0,0.0,0.0,0.0,0.0,0.0,0.0,0.0,0.0,0.0,0.0,0.0,0.0,0.0,0.0,0.0,0.0,0.0,0.0,0.0,0.0,0.0,0.0,0.0,0.0,0.0,0.0,0.0,0.0,0.0,0.0,0.0,0.0,0.0,0.0,0.0,0.0,0.0,0.0,0.0,0.0
2023-07-01,2023.0,July,0,0,0.0,0.0,0.0,0,0.0,0.0,0.0,0.0,0.0,0.0,0.0,0.0,0.0,0.0,0.0,0.0,0.0,0.0,0.0,0.0,0.0,0.0,0.0,0.0,0.0,0.0,0.0,0.0,0.0,0.0,0.0,0.0,0.0,0.0,0.0,0.0,0.0,0.0,0.0,0.0,0.0,0.0,0.0,0.0,0.0,0.0,0.0,0.0,0.0,0.0,0.0,0.0,0.0,0.0,0.0,0.0,0.0,0.0,0.0,0.0,0.0
2023-08-01,2023.0,August,0,0,0.0,0.0,0.0,0,0.0,0.0,0.0,0.0,0.0,0.0,0.0,0.0,0.0,0.0,0.0,0.0,0.0,0.0,0.0,0.0,0.0,0.0,0.0,0.0,0.0,0.0,0.0,0.0,0.0,0.0,0.0,0.0,0.0,0.0,0.0,0.0,0.0,0.0,0.0,0.0,0.0,0.0,0.0,0.0,0.0,0.0,0.0,0.0,0.0,0.0,0.0,0.0,0.0,0.0,0.0,0.0,0.0,0.0,0.0,0.0,0.0
2023-09-01,2023.0,September,0,0,0.0,0.0,0.0,0,0.0,0.0,0.0,0.0,0.0,0.0,0.0,0.0,0.0,0.0,0.0,0.0,0.0,0.0,0.0,0.0,0.0,0.0,0.0,0.0,0.0,0.0,0.0,0.0,0.0,0.0,0.0,0.0,0.0,0.0,0.0,0.0,0.0,0.0,0.0,0.0,0.0,0.0,0.0,0.0,0.0,0.0,0.0,0.0,0.0,0.0,0.0,0.0,0.0,0.0,0.0,0.0,0.0,0.0,0.0,0.0,0.0
2023-10-01,2023.0,October,0,0,0.0,0.0,0.0,0,0.0,0.0,0.0,0.0,0.0,0.0,0.0,0.0,0.0,0.0,0.0,0.0,0.0,0.0,0.0,0.0,0.0,0.0,0.0,0.0,0.0,0.0,0.0,0.0,0.0,0.0,0.0,0.0,0.0,0.0,0.0,0.0,0.0,0.0,0.0,0.0,0.0,0.0,0.0,0.0,0.0,0.0,0.0,0.0,0.0,0.0,0.0,0.0,0.0,0.0,0.0,0.0,0.0,0.0,0.0,0.0,0.0
2023-11-01,2023.0,November,0,0,0.0,0.0,0.0,0,0.0,0.0,0.0,0.0,0.0,0.0,0.0,0.0,0.0,0.0,0.0,0.0,0.0,0.0,0.0,0.0,0.0,0.0,0.0,0.0,0.0,0.0,0.0,0.0,0.0,0.0,0.0,0.0,0.0,0.0,0.0,0.0,0.0,0.0,0.0,0.0,0.0,0.0,0.0,0.0,0.0,0.0,0.0,0.0,0.0,0.0,0.0,0.0,0.0,0.0,0.0,0.0,0.0,0.0,0.0,0.0,0.0
2023-12-01,2023.0,December,0,0,0.0,0.0,0.0,0,0.0,0.0,0.0,0.0,0.0,0.0,0.0,0.0,0.0,0.0,0.0,0.0,0.0,0.0,0.0,0.0,0.0,0.0,0.0,0.0,0.0,0.0,0.0,0.0,0.0,0.0,0.0,0.0,0.0,0.0,0.0,0.0,0.0,0.0,0.0,0.0,0.0,0.0,0.0,0.0,0.0,0.0,0.0,0.0,0.0,0.0,0.0,0.0,0.0,0.0,0.0,0.0,0.0,0.0,0.0,0.0,0.0
